-- phpMyAdmin SQL Dump
-- version 4.9.2
-- https://www.phpmyadmin.net/
--
-- Host: 127.0.0.1
-- Generation Time: Sep 15, 2021 at 02:10 PM
-- Server version: 10.4.10-MariaDB
-- PHP Version: 7.3.12

SET SQL_MODE = "NO_AUTO_VALUE_ON_ZERO";
SET AUTOCOMMIT = 0;
START TRANSACTION;
SET time_zone = "+00:00";


/*!40101 SET @OLD_CHARACTER_SET_CLIENT=@@CHARACTER_SET_CLIENT */;
/*!40101 SET @OLD_CHARACTER_SET_RESULTS=@@CHARACTER_SET_RESULTS */;
/*!40101 SET @OLD_COLLATION_CONNECTION=@@COLLATION_CONNECTION */;
/*!40101 SET NAMES utf8mb4 */;

--
-- Database: `omr_calculation`
--

-- --------------------------------------------------------

--
-- Table structure for table `tbl_correct_answers`
--

CREATE TABLE `tbl_correct_answers` (
  `id` int(11) NOT NULL,
  `exam_id` int(11) NOT NULL,
  `question_number` int(11) NOT NULL,
  `option_number` int(11) NOT NULL COMMENT '1,2,3,4,5',
  `insert_by` int(11) NOT NULL,
  `insert_time` varchar(20) COLLATE utf8_bin NOT NULL DEFAULT '0000-00-00 00:00'
) ENGINE=InnoDB DEFAULT CHARSET=utf8 COLLATE=utf8_bin;

--
-- Dumping data for table `tbl_correct_answers`
--

INSERT INTO `tbl_correct_answers` (`id`, `exam_id`, `question_number`, `option_number`, `insert_by`, `insert_time`) VALUES
(1, 1, 1, 5, 1, '2021-09-15 11:03'),
(2, 1, 2, 3, 1, '2021-09-15 11:03'),
(3, 1, 3, 3, 1, '2021-09-15 11:03'),
(4, 1, 4, 4, 1, '2021-09-15 11:03'),
(5, 1, 5, 3, 1, '2021-09-15 11:03'),
(6, 1, 6, 4, 1, '2021-09-15 11:03'),
(7, 1, 7, 2, 1, '2021-09-15 11:03'),
(8, 1, 8, 4, 1, '2021-09-15 11:03'),
(9, 1, 9, 2, 1, '2021-09-15 11:03'),
(10, 1, 10, 3, 1, '2021-09-15 11:03'),
(11, 1, 11, 5, 1, '2021-09-15 11:03'),
(12, 1, 12, 2, 1, '2021-09-15 11:03'),
(13, 1, 13, 4, 1, '2021-09-15 11:03'),
(14, 1, 14, 2, 1, '2021-09-15 11:03'),
(15, 1, 15, 4, 1, '2021-09-15 11:03'),
(16, 1, 16, 3, 1, '2021-09-15 11:03'),
(17, 1, 17, 3, 1, '2021-09-15 11:03'),
(18, 1, 18, 2, 1, '2021-09-15 11:03'),
(19, 1, 19, 3, 1, '2021-09-15 11:03'),
(20, 1, 20, 4, 1, '2021-09-15 11:03'),
(26, 1, 21, 3, 1, '2021-09-15 11:04'),
(27, 1, 22, 2, 1, '2021-09-15 11:04'),
(28, 1, 23, 2, 1, '2021-09-15 11:04'),
(29, 1, 24, 3, 1, '2021-09-15 11:04'),
(30, 1, 25, 3, 1, '2021-09-15 11:04'),
(31, 1, 26, 3, 1, '2021-09-15 16:34'),
(32, 1, 27, 4, 1, '2021-09-15 16:34'),
(33, 1, 28, 4, 1, '2021-09-15 16:34'),
(34, 1, 29, 3, 1, '2021-09-15 16:34'),
(35, 1, 30, 4, 1, '2021-09-15 16:34');

-- --------------------------------------------------------

--
-- Table structure for table `tbl_divission`
--

CREATE TABLE `tbl_divission` (
  `id` int(11) NOT NULL,
  `name` varchar(255) NOT NULL
) ENGINE=InnoDB DEFAULT CHARSET=utf8;

--
-- Dumping data for table `tbl_divission`
--

INSERT INTO `tbl_divission` (`id`, `name`) VALUES
(1, 'ঢাকা'),
(2, 'রাজশাহী'),
(3, 'চট্টগ্রাম'),
(4, 'সিলেট'),
(5, 'খুলনা'),
(6, 'বরিশাল'),
(7, 'রংপুর'),
(8, 'ময়মনসিংহ');

-- --------------------------------------------------------

--
-- Table structure for table `tbl_exams`
--

CREATE TABLE `tbl_exams` (
  `id` int(11) NOT NULL,
  `exam_name` text COLLATE utf8_bin DEFAULT NULL,
  `total_question` int(11) NOT NULL,
  `per_question_mark` double NOT NULL DEFAULT 0,
  `negative_mark` double NOT NULL DEFAULT 0,
  `insert_by` int(11) NOT NULL,
  `insert_time` varchar(20) COLLATE utf8_bin NOT NULL DEFAULT '0000-00-00 00:00'
) ENGINE=InnoDB DEFAULT CHARSET=utf8 COLLATE=utf8_bin;

--
-- Dumping data for table `tbl_exams`
--

INSERT INTO `tbl_exams` (`id`, `exam_name`, `total_question`, `per_question_mark`, `negative_mark`, `insert_by`, `insert_time`) VALUES
(1, 'test', 30, 1, 0, 1, '2021-09-15 11:03');

-- --------------------------------------------------------

--
-- Table structure for table `tbl_students_marks`
--

CREATE TABLE `tbl_students_marks` (
  `id` int(11) NOT NULL,
  `exam_id` int(11) NOT NULL DEFAULT 0,
  `roll_number` varchar(250) COLLATE utf8_bin DEFAULT NULL,
  `question_number` int(11) NOT NULL DEFAULT 0,
  `selected_option` int(11) NOT NULL DEFAULT 0,
  `insert_time` varchar(20) COLLATE utf8_bin NOT NULL DEFAULT '0000-00-00 00:00',
  `insert_by` int(11) NOT NULL
) ENGINE=InnoDB DEFAULT CHARSET=utf8 COLLATE=utf8_bin;

-- --------------------------------------------------------

--
-- Table structure for table `tbl_upozilla`
--

CREATE TABLE `tbl_upozilla` (
  `id` int(11) NOT NULL,
  `division_id` int(11) NOT NULL,
  `zilla_id` int(11) NOT NULL,
  `name` varchar(255) NOT NULL
) ENGINE=InnoDB DEFAULT CHARSET=utf8;

--
-- Dumping data for table `tbl_upozilla`
--

INSERT INTO `tbl_upozilla` (`id`, `division_id`, `zilla_id`, `name`) VALUES
(1, 1, 1, 'সাভার'),
(2, 1, 1, 'ধামরাই'),
(3, 1, 1, 'কেরাণীগঞ্জ'),
(4, 1, 1, 'নবাবগঞ্জ'),
(5, 1, 1, 'দোহার'),
(6, 1, 1, 'তেজগাঁও উন্নয়ন সার্কেল'),
(7, 1, 2, 'কালীগঞ্জ'),
(8, 1, 2, 'কালিয়াকৈর'),
(9, 1, 2, 'কাপাসিয়া'),
(10, 1, 2, 'গাজীপুর সদর'),
(11, 1, 2, 'শ্রীপুর'),
(12, 1, 3, 'বাসাইল'),
(13, 1, 3, 'ভুয়াপুর'),
(14, 1, 3, 'ঘাটাইল'),
(15, 1, 3, 'দেলদুয়ার'),
(16, 1, 3, 'গোপালপুর'),
(17, 1, 3, 'মধুপুর'),
(18, 1, 3, 'মির্জাপুর'),
(19, 1, 3, 'নাগরপুর'),
(20, 1, 3, 'সখিপুর'),
(21, 1, 3, 'টাঙ্গাইল সদর'),
(22, 1, 3, 'কালিহাতী'),
(23, 1, 3, 'ধনবাড়ি'),
(24, 1, 4, 'আড়াইহাজার'),
(25, 1, 4, 'বন্দর'),
(26, 1, 4, 'নারায়ণগঞ্জ সদর'),
(27, 1, 4, 'রূপগঞ্জ'),
(28, 1, 4, 'সোনারগাঁ'),
(29, 1, 5, 'ইটনা'),
(30, 1, 5, 'কটিয়াদি'),
(31, 1, 5, 'ভৈরব'),
(32, 1, 5, 'হোসেনপুর'),
(33, 1, 5, 'তাড়াইল'),
(34, 1, 5, 'পাকুন্দিয়া'),
(35, 1, 5, 'কুলিয়ারচর'),
(36, 1, 5, 'কিশোরগঞ্জ সদর'),
(37, 1, 5, 'করিমগঞ্জ'),
(38, 1, 5, 'বাজিতপুর'),
(39, 1, 5, 'অষ্টগ্রাম'),
(40, 1, 5, 'মিঠামইন'),
(41, 1, 5, 'নিকলী'),
(42, 1, 6, 'বেলাবো'),
(43, 1, 6, 'মনোহরদী'),
(44, 1, 6, 'নরসিংদী সদর'),
(45, 1, 6, 'পলাশ'),
(46, 1, 6, 'রায়পুরা'),
(47, 1, 6, 'শিবপুর'),
(48, 1, 7, 'রাজবাড়ী সদর'),
(49, 1, 7, 'গোয়ালন্দ'),
(50, 1, 7, 'পাংশা'),
(51, 1, 7, 'বালিয়াকান্দি'),
(52, 1, 7, 'কালুখালী'),
(53, 1, 8, 'ফরিদপুর সদর'),
(54, 1, 8, 'আলফাডাঙ্গা'),
(55, 1, 8, 'বোয়ালমারী'),
(56, 1, 8, 'সদরপুর'),
(57, 1, 8, 'নগরকান্দা'),
(58, 1, 8, 'ভাঙ্গা'),
(59, 1, 8, 'চরভদ্রাসন'),
(60, 1, 8, 'মধুখালী'),
(61, 1, 8, 'সালথা'),
(62, 1, 9, 'মাদারীপুর সদর'),
(63, 1, 9, 'শিবচর'),
(64, 1, 9, 'কালকিনি'),
(65, 1, 9, 'রাজৈর'),
(66, 1, 10, 'গোপালগঞ্জ সদর'),
(67, 1, 10, 'কাশিয়ানী'),
(68, 1, 10, 'টুংগীপাড়া'),
(69, 1, 10, 'কোটালীপাড়া'),
(70, 1, 10, 'মুকসুদপুর'),
(71, 1, 11, 'মুন্সিগঞ্জ সদর'),
(72, 1, 11, 'শ্রীনগর'),
(73, 1, 11, 'সিরাজদিখান'),
(74, 1, 11, 'লৌহজং '),
(75, 1, 11, 'গজারিয়া'),
(76, 1, 11, 'টংগিবাড়ী'),
(77, 1, 12, 'হরিরামপুর'),
(78, 1, 12, 'সাটুরিয়া'),
(79, 1, 12, 'মানিকগঞ্জ সদর'),
(80, 1, 12, 'ঘিওর'),
(81, 1, 12, 'শিবালয়'),
(82, 1, 12, 'দৌলতপুর'),
(83, 1, 12, 'সিংগাইর'),
(84, 1, 13, 'শরিয়তপুর সদর'),
(85, 1, 13, 'নড়িয়া'),
(86, 1, 13, 'জাজিরা'),
(87, 1, 13, 'গোসাইরহাট'),
(88, 1, 13, 'ভেদরগঞ্জ'),
(89, 1, 13, 'ডামুড্যা'),
(90, 2, 14, 'পবা'),
(91, 2, 14, 'দুর্গাপুর'),
(92, 2, 14, 'মোহনপুর'),
(93, 2, 14, 'চারঘাট'),
(94, 2, 14, 'পুঠিয়া'),
(95, 2, 14, 'বাঘা'),
(96, 2, 14, 'গোদাগাড়ী'),
(97, 2, 14, 'তানোর'),
(98, 2, 14, 'বাঘমারা'),
(99, 2, 15, 'বেলকুচি'),
(100, 2, 15, 'চৌহালি'),
(101, 2, 15, 'কামারখন্দ'),
(102, 2, 15, 'কাজীপুর'),
(103, 2, 15, 'রায়গঞ্জ'),
(104, 2, 15, 'শাহজাদপুর'),
(105, 2, 15, 'সিরাজগঞ্জ সদর'),
(106, 2, 15, 'তাড়াশ'),
(107, 2, 15, 'উল্লাপাড়া'),
(108, 2, 16, 'সুজানগর'),
(109, 2, 16, 'ঈশ্বরদী'),
(110, 2, 16, 'ভাঙ্গুরা'),
(111, 2, 16, 'পাবনা সদর'),
(112, 2, 16, 'বেড়া'),
(113, 2, 16, 'আটঘরিয়া'),
(114, 2, 16, 'চাটমোহর'),
(115, 2, 16, 'সাঁথিয়া'),
(116, 2, 16, 'ফরিদপুর'),
(117, 2, 17, 'কাহালু'),
(118, 2, 17, 'বগুড়া সদর'),
(119, 2, 17, 'সারিয়াকান্দি'),
(120, 2, 17, 'শাজাহানপুর'),
(121, 2, 17, 'দুপচাঁচিয়া'),
(122, 2, 17, 'আদমদিঘি'),
(123, 2, 17, 'নন্দিগ্রাম'),
(124, 2, 17, 'সোনাতলা'),
(125, 2, 17, 'ধুনট'),
(126, 2, 17, 'গাবতলী'),
(127, 2, 17, 'শেরপুর'),
(128, 2, 17, 'শিবগঞ্জ'),
(129, 2, 18, 'চাঁপাইনবাবগঞ্জ সদর'),
(130, 2, 18, 'গোমস্তাপুর'),
(131, 2, 18, 'নাচোল'),
(132, 2, 18, 'ভোলাহাট'),
(133, 2, 18, 'শিবগঞ্জ'),
(134, 2, 19, 'আক্কেলপুর'),
(135, 2, 19, 'কালাই'),
(136, 2, 19, 'ক্ষেতলাল'),
(137, 2, 19, 'পাঁচবিবি'),
(138, 2, 19, 'জয়পুরহাট সদর'),
(139, 2, 20, 'মহাদেবপুর'),
(140, 2, 20, 'বদলগাছী'),
(141, 2, 20, 'পত্নিতলা'),
(142, 2, 20, 'ধামইরহাট'),
(143, 2, 20, 'নিয়ামতপুর'),
(144, 2, 20, 'মান্দা'),
(145, 2, 20, 'আত্রাই'),
(146, 2, 20, 'রাণীনগর'),
(147, 2, 20, 'নওগাঁ সদর'),
(148, 2, 20, 'সাপাহার'),
(149, 2, 20, 'পোরশা'),
(150, 2, 21, 'নাটোর সদর'),
(151, 2, 21, 'সিংড়া'),
(152, 2, 21, 'বড়াইগ্রাম'),
(153, 2, 21, 'বাগাতিপাড়া'),
(154, 2, 21, 'গুরুদাসপুর'),
(155, 2, 21, 'লালপুর'),
(156, 2, 21, 'নলডাঙ্গা'),
(157, 3, 22, 'রাঙ্গুনিয়া'),
(158, 3, 22, 'সীতাকুণ্ড'),
(159, 3, 22, 'মীরসরাই'),
(160, 3, 22, 'পটিয়া'),
(161, 3, 22, 'সন্দ্বীপ'),
(162, 3, 22, 'বাঁশখালী'),
(163, 3, 22, 'বোয়ালখালী'),
(164, 3, 22, 'আনোয়ারা'),
(165, 3, 22, 'সাতকানিয়া'),
(166, 3, 22, 'লোহাগাড়া'),
(167, 3, 22, 'হাটহাজারী'),
(168, 3, 22, 'ফটিকছড়ি'),
(169, 3, 22, 'রাঊজান'),
(170, 3, 22, 'চন্দনাইশ'),
(171, 3, 23, 'দেবিদ্বার'),
(172, 3, 23, 'বরুড়া'),
(173, 3, 23, 'ব্রাহ্মণপাড়া'),
(174, 3, 23, 'চান্দিনা'),
(175, 3, 23, 'চৌদ্দগ্রাম'),
(176, 3, 23, 'দাউদকান্দি'),
(177, 3, 23, 'হোমনা'),
(178, 3, 23, 'লাকসাম'),
(179, 3, 23, 'মুরাদনগর'),
(180, 3, 23, 'নাঙ্গলকোট'),
(181, 3, 23, 'কুমিল্লা সদর'),
(182, 3, 23, 'মেঘনা'),
(183, 3, 23, 'মনোহরগঞ্জ'),
(184, 3, 23, 'সদর দক্ষিণ'),
(185, 3, 23, 'তিতাস'),
(186, 3, 23, 'বুড়িচং'),
(187, 3, 24, 'ছাগলনাইয়া'),
(188, 3, 24, 'ফেনী সদর'),
(189, 3, 24, 'সোনাগাজী'),
(190, 3, 24, 'ফুলগাজী'),
(191, 3, 24, 'পরশুরাম'),
(192, 3, 24, 'দাগনভুঞা'),
(193, 3, 25, 'ব্রাহ্মণবাড়িয়া সদর'),
(194, 3, 25, 'কসবা'),
(195, 3, 25, 'নাসিরনগর'),
(196, 3, 25, 'সরাইল'),
(197, 3, 25, 'আশুগঞ্জ'),
(198, 3, 25, 'আখাউরা'),
(199, 3, 25, 'নবীনগর'),
(200, 3, 25, 'বাঞ্ছারামপুর'),
(201, 3, 25, 'বিজয়নগর'),
(202, 3, 26, 'রাঙ্গামাটি সদর'),
(203, 3, 26, 'কাপ্তাই'),
(204, 3, 26, 'কাউখালী'),
(205, 3, 26, 'বাঘাইছড়ি'),
(206, 3, 26, 'বরকল'),
(207, 3, 26, 'লংগদু'),
(208, 3, 26, 'রাজস্থলী'),
(209, 3, 26, 'বিলাইছড়ি'),
(210, 3, 26, 'জুরাছড়ি'),
(211, 3, 26, 'নানিয়ারচর'),
(212, 3, 27, 'হাইমচর'),
(213, 3, 27, 'কচুয়া'),
(214, 3, 27, 'শহরাস্তি'),
(215, 3, 27, 'চাঁদপুর সদর'),
(216, 3, 27, 'মতলব উত্তর'),
(217, 3, 27, 'ফরিদ্গঞ্জ'),
(218, 3, 27, 'মতলব দক্ষিণ'),
(219, 3, 27, 'হাজীগঞ্জ'),
(220, 3, 28, 'নোয়াখালী সদর'),
(221, 3, 28, 'কোম্পানীগঞ্জ'),
(222, 3, 28, 'বেগমগঞ্জ'),
(223, 3, 28, 'হাতিয়া'),
(224, 3, 28, 'সুবর্ণচর'),
(225, 3, 28, 'কবিরহাট'),
(226, 3, 28, 'সেনবাগ'),
(227, 3, 28, 'চাটখিল'),
(228, 3, 28, 'সোনাইমুড়ী'),
(229, 3, 29, 'লক্ষ্মীপুর সদর'),
(230, 3, 29, 'কমলনগর'),
(231, 3, 29, 'রায়পুর'),
(232, 3, 29, 'রামগতি'),
(233, 3, 29, 'রামগঞ্জ'),
(234, 3, 30, 'কক্সবাজার সদর'),
(235, 3, 30, 'চকরিয়া'),
(236, 3, 30, 'কুতুবদিয়া'),
(237, 3, 30, 'উখিয়া'),
(238, 3, 30, 'মহেশখালী'),
(239, 3, 30, 'পেকুয়া'),
(240, 3, 30, 'রামু'),
(241, 3, 30, 'টেকনাফ'),
(242, 3, 31, 'খাগড়াছড়ি সদর'),
(243, 3, 31, 'দিঘীনালা'),
(244, 3, 31, 'পানছড়ি'),
(245, 3, 31, 'লক্ষীছড়ি'),
(246, 3, 31, 'মহালছড়ি'),
(247, 3, 31, 'মানিকছড়ি'),
(248, 3, 31, 'রামগড়'),
(249, 3, 31, 'মাটিরাঙ্গা'),
(250, 3, 31, 'গুইমারা'),
(251, 3, 32, 'বান্দরবান সদর'),
(252, 3, 32, 'আলীকদম'),
(253, 3, 32, 'নাইক্ষ্যংছড়ি'),
(254, 3, 32, 'রোয়াংছড়ি'),
(255, 3, 32, 'লামা'),
(256, 3, 32, 'রুমা'),
(257, 3, 32, 'থানচি'),
(258, 4, 33, 'বালাগঞ্জ'),
(259, 4, 33, 'বিয়ানীবাজার'),
(260, 4, 33, 'বিশ্বনাথ'),
(261, 4, 33, 'কোম্পানীগঞ্জ'),
(262, 4, 33, 'ফেঞ্চুগঞ্জ'),
(263, 4, 33, 'গোলাপগঞ্জ'),
(264, 4, 33, 'গোয়াইনঘাট'),
(265, 4, 33, 'জৈন্তাপুর'),
(266, 4, 33, 'কানাইঘাট'),
(267, 4, 33, 'সিলেট সদর'),
(268, 4, 33, 'জকিগঞ্জ'),
(269, 4, 33, 'দক্ষিণ সুরমা'),
(270, 4, 33, 'ওসমানী নগর'),
(271, 4, 34, 'বড়লেখা'),
(272, 4, 34, 'কমলগঞ্জ'),
(273, 4, 34, 'কুলাউরা'),
(274, 4, 34, 'মৌলভীবাজার সদর '),
(275, 4, 34, 'রাজনগর'),
(276, 4, 34, 'শ্রীমঙ্গল'),
(277, 4, 34, 'জুড়ী'),
(278, 4, 35, 'নবীগঞ্জ'),
(279, 4, 35, 'বাহুবল'),
(280, 4, 35, 'আজমিরীগঞ্জ'),
(281, 4, 35, 'বানিয়াচং'),
(282, 4, 35, 'লাখাই'),
(283, 4, 35, 'চুনারুঘাট'),
(284, 4, 35, 'হবিগঞ্জ সদর'),
(285, 4, 35, 'মাধবপুর'),
(286, 4, 36, 'সুনামগঞ্জ সদর'),
(287, 4, 36, 'দক্ষিণ সুনামগঞ্জ'),
(288, 4, 36, 'বিশ্বম্ভরপুর'),
(289, 4, 36, 'ছাতক'),
(290, 4, 36, 'জগন্নাথপুর'),
(291, 4, 36, 'তাহিরপুর'),
(292, 4, 36, 'ধর্মপাশা'),
(293, 4, 36, 'জামালগঞ্জ'),
(294, 4, 36, 'শাল্লা'),
(295, 4, 36, 'দিরাই'),
(296, 4, 36, 'দোয়ারাবাজার'),
(297, 5, 37, 'পাইকগাছা'),
(298, 5, 37, 'ফুলতলা'),
(299, 5, 37, 'দিঘলিয়া'),
(300, 5, 37, 'রূপসা'),
(301, 5, 37, 'তেরখাদা'),
(302, 5, 37, 'ডুমুরিয়া'),
(303, 5, 37, 'বটিয়াঘাটা'),
(304, 5, 37, 'দাকোপ'),
(305, 5, 37, 'কয়রা'),
(306, 5, 38, 'মণিরামপুর'),
(307, 5, 38, 'অভয়নগর'),
(308, 5, 38, 'বাঘারপাড়া'),
(309, 5, 38, 'চৌগাছা'),
(310, 5, 38, 'ঝিকরগাছা'),
(311, 5, 38, 'কেশবপুর'),
(312, 5, 38, 'যশোর সদর'),
(313, 5, 38, 'শার্শা'),
(314, 5, 39, 'আশাশুনি'),
(315, 5, 39, 'দেবহাটা'),
(316, 5, 39, 'কলারোয়া'),
(317, 5, 39, 'সাতক্ষীরা সদর'),
(318, 5, 39, 'শ্যামনগর'),
(319, 5, 39, 'তালা'),
(320, 5, 39, 'কালিগঞ্জ'),
(321, 5, 40, 'মুজিবনগর'),
(322, 5, 40, 'মেহেরপুর সদর'),
(323, 5, 40, 'গাংনী'),
(324, 5, 41, 'নড়াইল সদর'),
(325, 5, 41, 'লোহাগড়া'),
(326, 5, 41, 'কালিয়া'),
(327, 5, 42, 'চুয়াডাঙ্গা সদর'),
(328, 5, 42, 'আলমডাঙ্গা'),
(329, 5, 42, 'দামুড়হুদা'),
(330, 5, 42, 'জীবননগর'),
(331, 5, 43, 'শালিখা'),
(332, 5, 43, 'শ্রীপুর'),
(333, 5, 43, 'মাগুরা সদর'),
(334, 5, 43, 'মহম্মদপুর'),
(335, 5, 44, 'ফকিরহাট'),
(336, 5, 44, 'বাগেরহাট সদর'),
(337, 5, 44, 'মোল্লাহাট'),
(338, 5, 44, 'শরণখোলা'),
(339, 5, 44, 'রামপাল'),
(340, 5, 44, 'মোড়েলগঞ্জ'),
(341, 5, 44, 'কচুয়া'),
(342, 5, 44, 'মোংলা'),
(343, 5, 44, 'চিতলমারী'),
(344, 5, 45, 'ঝিনাইদহ সদর'),
(345, 5, 45, 'শৈলকুপা'),
(346, 5, 45, 'হরিণাকুণ্ডু '),
(347, 5, 45, 'কালীগঞ্জ'),
(348, 5, 45, 'কোটচাঁদপুর'),
(349, 5, 45, 'মহেশপুর'),
(350, 5, 46, 'কুষ্টিয়া সদর'),
(351, 5, 46, 'কুমারখালী'),
(352, 5, 46, 'খোকসা'),
(353, 5, 46, 'মিরপুর'),
(354, 5, 46, 'দৌলতপুর'),
(355, 5, 46, 'ভেড়ামারা'),
(356, 6, 47, 'বরিশাল সদর'),
(357, 6, 47, 'বাকেরগঞ্জ'),
(358, 6, 47, 'বাবুগঞ্জ'),
(359, 6, 47, 'উজিরপুর'),
(360, 6, 47, 'বানারীপাড়া'),
(361, 6, 47, 'গৌরনদী'),
(362, 6, 47, 'আগৈলঝাড়া'),
(363, 6, 47, 'মেহেন্দিগঞ্জ'),
(364, 6, 47, 'মুলাদী'),
(365, 6, 47, 'হিজলা'),
(366, 6, 48, 'ঝালকাঠি সদর'),
(367, 6, 48, 'কাঠালিয়া'),
(368, 6, 48, 'নলছিটি'),
(369, 6, 48, 'রাজাপুর'),
(370, 6, 49, 'বাউফল'),
(371, 6, 49, 'পটুয়াখালী সদর'),
(372, 6, 49, 'দুমকি'),
(373, 6, 49, 'দশমিনা'),
(374, 6, 49, 'কলাপাড়া'),
(375, 6, 49, 'মির্জাগঞ্জ'),
(376, 6, 49, 'গলাচিপা'),
(377, 6, 49, 'রাঙ্গাবালী'),
(378, 6, 50, 'পিরোজপুর সদর'),
(379, 6, 50, 'নাজিরপুর'),
(380, 6, 50, 'কাউখালী'),
(381, 6, 50, 'জিয়ানগর'),
(382, 6, 50, 'ভান্ডারিয়া'),
(383, 6, 50, 'মঠবাড়ীয়া'),
(384, 6, 50, 'নেছারাবাদ'),
(385, 6, 51, 'ভোলা সদর'),
(386, 6, 51, 'বোরহানউদ্দিন'),
(387, 6, 51, 'চরফ্যাশন'),
(388, 6, 51, 'দৌলতখান'),
(389, 6, 51, 'মনপুরা'),
(390, 6, 51, 'তজুমদ্দিন'),
(391, 6, 51, 'লালমোহন'),
(392, 6, 52, 'আমতলী'),
(393, 6, 52, 'বরগুনা সদর'),
(394, 6, 52, 'বেতাগী'),
(395, 6, 52, 'বামনা'),
(396, 6, 52, 'পাথরঘাটা'),
(397, 6, 52, 'তালতলি'),
(398, 7, 53, 'রংপুর সদর'),
(399, 7, 53, 'গঙ্গাচড়া'),
(400, 7, 53, 'তারাগঞ্জ'),
(401, 7, 53, 'বদরগঞ্জ'),
(402, 7, 53, 'মিঠাপুকুর'),
(403, 7, 53, 'কাউনিয়া'),
(404, 7, 53, 'পীরগঞ্জ'),
(405, 7, 53, 'পীরগাছা'),
(406, 7, 54, 'লালমনিরহাট সদর'),
(407, 7, 54, 'আদিতমারী'),
(408, 7, 54, 'কালীগঞ্জ'),
(409, 7, 54, 'হাতীবান্ধা'),
(410, 7, 54, 'পাটগ্রাম'),
(411, 7, 55, 'পঞ্চগড় সদর'),
(412, 7, 55, 'দেবীগঞ্জ'),
(413, 7, 55, 'বোদা'),
(414, 7, 55, 'আটোয়ারী'),
(415, 7, 55, 'তেতুলিয়া'),
(416, 7, 56, 'কুড়িগ্রাম সদর'),
(417, 7, 56, 'নাগেশ্বরী'),
(418, 7, 56, 'ভুরুঙ্গামারী'),
(419, 7, 56, 'ফুলবাড়ী'),
(420, 7, 56, 'রাজারহাট'),
(421, 7, 56, 'উলিপুর'),
(422, 7, 56, 'চিলমারী'),
(423, 7, 56, 'রৌমারী'),
(424, 7, 56, 'চর রাজিবপুর'),
(425, 7, 57, 'নবাবগঞ্জ'),
(426, 7, 57, 'বীরগঞ্জ'),
(427, 7, 57, 'ঘোড়াঘাট'),
(428, 7, 57, 'বিরামপুর'),
(429, 7, 57, 'পার্বতীপুর'),
(430, 7, 57, 'বোচাগঞ্জ'),
(431, 7, 57, 'কাহারোল'),
(432, 7, 57, 'ফুলবাড়ী'),
(433, 7, 57, 'দিনাজপুর সদর'),
(434, 7, 57, 'হাকিমপুর'),
(435, 7, 57, 'খানসামা'),
(436, 7, 57, 'বিরল'),
(437, 7, 57, 'চিরিরবন্দর'),
(438, 7, 58, 'ঠাকুরগাঁও সদর'),
(439, 7, 58, 'পীরগঞ্জ'),
(440, 7, 58, 'রাণীশংকৈল'),
(441, 7, 58, 'হরিপুর'),
(442, 7, 58, 'বালিয়াডাঙ্গী'),
(443, 7, 59, 'সাদুল্লাপুর'),
(444, 7, 59, 'গাইবান্ধা সদর'),
(445, 7, 59, 'পলাশবাড়ী'),
(446, 7, 59, 'সাঘাটা'),
(447, 7, 59, 'গোবিন্দগঞ্জ'),
(448, 7, 59, 'সুন্দরগঞ্জ'),
(449, 7, 59, 'ফুলছড়ি'),
(450, 7, 60, 'সৈয়দপুর'),
(451, 7, 60, 'ডোমার'),
(452, 7, 60, 'ডিমলা'),
(453, 7, 60, 'জলঢাকা'),
(454, 7, 60, 'কিশোরগঞ্জ'),
(455, 7, 60, 'নীলফামারী সদর'),
(456, 8, 61, 'ফুলবাড়ীয়া '),
(457, 8, 61, 'ত্রিশাল'),
(458, 8, 61, 'ভালুকা'),
(459, 8, 61, 'মুক্তাগাছা'),
(460, 8, 61, 'ময়মনসিংহ সদর'),
(461, 8, 61, 'ধোবাউরা'),
(462, 8, 61, 'ফুলপুর'),
(463, 8, 61, 'হালুয়াঘাট'),
(464, 8, 61, 'গৌরীপুর'),
(465, 8, 61, 'গফরগাঁও'),
(466, 8, 61, 'ঈশ্বরগঞ্জ'),
(467, 8, 61, 'নান্দাইল'),
(468, 8, 61, 'তারাকান্দা'),
(469, 8, 62, 'জামালপুর সদর'),
(470, 8, 62, 'মেলান্দহ'),
(471, 8, 62, 'ইসলামপুর'),
(472, 8, 62, 'দেওয়ানগঞ্জ'),
(473, 8, 62, 'সরিষাবাড়ী'),
(474, 8, 62, 'মাদারগঞ্জ'),
(475, 8, 62, 'বকশীগঞ্জ'),
(476, 8, 63, 'বারহাট্টা'),
(477, 8, 63, 'দুর্গাপুর'),
(478, 8, 63, 'কেন্দুয়া'),
(479, 8, 63, 'আটপাড়া'),
(480, 8, 63, 'মদন'),
(481, 8, 63, 'খালিয়াজুরী'),
(482, 8, 63, 'কলমাকান্দা'),
(483, 8, 63, 'মোহনগঞ্জ'),
(484, 8, 63, 'পূর্বধলা'),
(485, 8, 63, 'নেত্রকোনা সদর'),
(486, 8, 64, 'শেরপুর সদর'),
(487, 8, 64, 'নালিতাবাড়ী'),
(488, 8, 64, 'শ্রীবরদী'),
(489, 8, 64, 'নকলা'),
(490, 8, 64, 'ঝিনাইগাতী'),
(491, 1, 1, 'ঢাকা মহানগর');

-- --------------------------------------------------------

--
-- Table structure for table `tbl_zilla`
--

CREATE TABLE `tbl_zilla` (
  `id` int(11) NOT NULL,
  `divission_id` int(11) NOT NULL,
  `name` varchar(255) NOT NULL
) ENGINE=InnoDB DEFAULT CHARSET=utf8;

--
-- Dumping data for table `tbl_zilla`
--

INSERT INTO `tbl_zilla` (`id`, `divission_id`, `name`) VALUES
(1, 1, 'ঢাকা'),
(2, 1, 'গাজীপুর'),
(3, 1, 'টাঙ্গাইল'),
(4, 1, 'নারায়ণগঞ্জ'),
(5, 1, 'কিশোরগঞ্জ'),
(6, 1, 'নরসিংদী'),
(7, 1, 'রাজবাড়ী'),
(8, 1, 'ফরিদপুর'),
(9, 1, 'মাদারীপুর'),
(10, 1, 'গোপালগঞ্জ'),
(11, 1, 'মুন্সিগঞ্জ'),
(12, 1, 'মানিকগঞ্জ'),
(13, 1, 'শরীয়তপুর'),
(14, 2, 'রাজশাহী'),
(15, 2, 'সিরাজগঞ্জ'),
(16, 2, 'পাবনা'),
(17, 2, 'বগুড়া'),
(18, 2, 'চাঁপাইনবাবগঞ্জ'),
(19, 2, 'জয়পুরহাট'),
(20, 2, 'নওগাঁ'),
(21, 2, 'নাটোর'),
(22, 3, 'চট্টগ্রাম'),
(23, 3, 'কুমিল্লা'),
(24, 3, 'ফেনী'),
(25, 3, 'ব্রাহ্মণবাড়িয়া'),
(26, 3, 'রাঙ্গামাটি'),
(27, 3, 'চাঁদপুর'),
(28, 3, 'নোয়াখালী'),
(29, 3, 'লক্ষ্মীপুর'),
(30, 3, 'কক্সবাজার'),
(31, 3, 'খাগড়াছড়ি'),
(32, 3, 'বান্দরবান'),
(33, 4, 'সিলেট'),
(34, 4, 'মৌলভীবাজার'),
(35, 4, 'হবিগঞ্জ'),
(36, 4, 'সুনামগঞ্জ'),
(37, 5, 'খুলনা'),
(38, 5, 'যশোর'),
(39, 5, 'সাতক্ষীরা'),
(40, 5, 'মেহেরপুর'),
(41, 5, 'নড়াইল'),
(42, 5, 'চুয়াডাঙ্গা'),
(43, 5, 'মাগুড়া'),
(44, 5, 'বাগেরহাট'),
(45, 5, 'ঝিনাইদহ'),
(46, 5, 'কুষ্টিয়া'),
(47, 6, 'বরিশাল'),
(48, 6, 'ঝালকাঠি'),
(49, 6, 'পটুয়াখালী'),
(50, 6, 'পিরোজপুর'),
(51, 6, 'ভোলা'),
(52, 6, 'বরগুনা'),
(53, 7, 'রংপুর'),
(54, 7, 'লালমনিরহাট'),
(55, 7, 'পঞ্চগড়'),
(56, 7, 'কুড়িগ্রাম'),
(57, 7, 'দিনাজপুর'),
(58, 7, 'ঠাকুরগাঁও'),
(59, 7, 'গাইবান্ধা'),
(60, 7, 'নীলফামারী'),
(61, 8, 'ময়মনসিংহ'),
(62, 8, 'জামালপুর'),
(63, 8, 'নেত্রকোনা'),
(64, 8, 'শেরপুর');

-- --------------------------------------------------------

--
-- Table structure for table `user`
--

CREATE TABLE `user` (
  `id` int(11) NOT NULL,
  `firstname` text NOT NULL,
  `lastname` text NOT NULL,
  `username` varchar(10) NOT NULL,
  `email` varchar(200) NOT NULL,
  `password` text NOT NULL,
  `address` int(11) NOT NULL COMMENT 'thana id',
  `district` varchar(30) NOT NULL,
  `division` varchar(30) NOT NULL,
  `roadHouse` text NOT NULL,
  `postcode` varchar(100) NOT NULL,
  `phone` text NOT NULL,
  `userType` text NOT NULL,
  `photo` text CHARACTER SET utf8 COLLATE utf8_bin NOT NULL,
  `status` tinyint(1) NOT NULL DEFAULT 1 COMMENT '1 for active user, 0 for not active user',
  `emailVerified` tinyint(1) NOT NULL DEFAULT 0 COMMENT '1 for verify, 0 for not verify',
  `mobileVerified` tinyint(1) NOT NULL DEFAULT 0 COMMENT '1 for verify, 0 for not verify'
) ENGINE=InnoDB DEFAULT CHARSET=latin1;

--
-- Dumping data for table `user`
--

INSERT INTO `user` (`id`, `firstname`, `lastname`, `username`, `email`, `password`, `address`, `district`, `division`, `roadHouse`, `postcode`, `phone`, `userType`, `photo`, `status`, `emailVerified`, `mobileVerified`) VALUES
(1, 'rayhan', 'roky', 'roky', 'rzroky@gmail.com', '7c4a8d09ca3762af61e59520943dc26494f8941b', 1, '', '', '12/6 solimullah road', '', '01709372481', 'admin', 'assets/userPhoto/pngtreebusinessmanuseravatarfreevectorpngimage_20210630104704.jpg', 1, 0, 0);

-- --------------------------------------------------------

--
-- Table structure for table `user_type`
--

CREATE TABLE `user_type` (
  `id` int(11) NOT NULL,
  `value` varchar(255) NOT NULL,
  `name` varchar(255) NOT NULL
) ENGINE=InnoDB DEFAULT CHARSET=latin1 COMMENT='types of user, each type has single controller';

--
-- Dumping data for table `user_type`
--

INSERT INTO `user_type` (`id`, `value`, `name`) VALUES
(1, 'user', 'User');

--
-- Indexes for dumped tables
--

--
-- Indexes for table `tbl_correct_answers`
--
ALTER TABLE `tbl_correct_answers`
  ADD PRIMARY KEY (`id`);

--
-- Indexes for table `tbl_divission`
--
ALTER TABLE `tbl_divission`
  ADD PRIMARY KEY (`id`);

--
-- Indexes for table `tbl_exams`
--
ALTER TABLE `tbl_exams`
  ADD PRIMARY KEY (`id`);

--
-- Indexes for table `tbl_students_marks`
--
ALTER TABLE `tbl_students_marks`
  ADD PRIMARY KEY (`id`);

--
-- Indexes for table `tbl_upozilla`
--
ALTER TABLE `tbl_upozilla`
  ADD PRIMARY KEY (`id`);

--
-- Indexes for table `tbl_zilla`
--
ALTER TABLE `tbl_zilla`
  ADD PRIMARY KEY (`id`);

--
-- Indexes for table `user`
--
ALTER TABLE `user`
  ADD PRIMARY KEY (`id`),
  ADD UNIQUE KEY `username` (`username`,`email`);

--
-- Indexes for table `user_type`
--
ALTER TABLE `user_type`
  ADD PRIMARY KEY (`id`);

--
-- AUTO_INCREMENT for dumped tables
--

--
-- AUTO_INCREMENT for table `tbl_correct_answers`
--
ALTER TABLE `tbl_correct_answers`
  MODIFY `id` int(11) NOT NULL AUTO_INCREMENT, AUTO_INCREMENT=40;

--
-- AUTO_INCREMENT for table `tbl_divission`
--
ALTER TABLE `tbl_divission`
  MODIFY `id` int(11) NOT NULL AUTO_INCREMENT, AUTO_INCREMENT=9;

--
-- AUTO_INCREMENT for table `tbl_exams`
--
ALTER TABLE `tbl_exams`
  MODIFY `id` int(11) NOT NULL AUTO_INCREMENT, AUTO_INCREMENT=2;

--
-- AUTO_INCREMENT for table `tbl_students_marks`
--
ALTER TABLE `tbl_students_marks`
  MODIFY `id` int(11) NOT NULL AUTO_INCREMENT;

--
-- AUTO_INCREMENT for table `tbl_upozilla`
--
ALTER TABLE `tbl_upozilla`
  MODIFY `id` int(11) NOT NULL AUTO_INCREMENT, AUTO_INCREMENT=492;

--
-- AUTO_INCREMENT for table `tbl_zilla`
--
ALTER TABLE `tbl_zilla`
  MODIFY `id` int(11) NOT NULL AUTO_INCREMENT, AUTO_INCREMENT=65;

--
-- AUTO_INCREMENT for table `user`
--
ALTER TABLE `user`
  MODIFY `id` int(11) NOT NULL AUTO_INCREMENT, AUTO_INCREMENT=12;

--
-- AUTO_INCREMENT for table `user_type`
--
ALTER TABLE `user_type`
  MODIFY `id` int(11) NOT NULL AUTO_INCREMENT, AUTO_INCREMENT=3;
COMMIT;

/*!40101 SET CHARACTER_SET_CLIENT=@OLD_CHARACTER_SET_CLIENT */;
/*!40101 SET CHARACTER_SET_RESULTS=@OLD_CHARACTER_SET_RESULTS */;
/*!40101 SET COLLATION_CONNECTION=@OLD_COLLATION_CONNECTION */;
